Date;Heure;Pression;Température;Humidité;Point de rosée;Indice de chaleur;Vent moyen;Rafale;Refroidissement éolien
2026-07-05;01:20;1022;21.6;40;7.3;24.4;2.8;3.6;21.6
2026-07-05;01:25;1022;21.6;40;7.3;24.4;0.7;0.7;21.6
2026-07-05;01:30;1022;21.6;40;7.3;24.4;0.0;0.0;21.6
2026-07-05;01:35;1022;21.5;40;7.2;24.4;0.3;0.3;21.5
2026-07-05;01:40;1022;21.4;41;7.5;24.4;1.8;1.8;21.4
2026-07-05;01:45;1022;21.3;40;7.0;24.4;5.0;5.4;21.3
2026-07-05;01:50;1022;21.2;41;7.3;25.0;0.0;0.0;21.2
2026-07-05;01:55;1022;21.2;41;7.3;25.0;0.0;0.0;21.2
2026-07-05;02:00;1022;21.2;41;7.3;25.0;2.8;2.8;21.2
2026-07-05;02:05;1022;21.1;41;7.2;25.0;1.0;1.0;21.1
2026-07-05;02:10;1022;21.0;41;7.1;25.0;0.0;0.0;21.0
2026-07-05;02:15;1022;20.9;41;7.0;;1.0;1.0;20.9
2026-07-05;02:20;1022;20.9;41;7.0;;3.2;3.9;20.9
2026-07-05;02:25;1022;20.8;41;7.0;;0.0;0.0;20.8
2026-07-05;02:30;1022;20.8;42;7.3;;0.3;0.3;20.8
2026-07-05;02:35;1022;20.8;42;7.3;;0.0;0.0;20.8
2026-07-05;02:40;1022;20.7;42;7.2;;1.4;1.4;20.7
2026-07-05;02:45;1022;20.7;42;7.2;;0.3;0.3;20.7
2026-07-05;02:50;1022;20.6;42;7.1;;0.3;0.3;20.6
2026-07-05;02:55;1022;20.6;42;7.1;;1.4;1.4;20.6
2026-07-05;03:00;1022;20.5;42;7.0;;2.1;2.1;20.5
2026-07-05;03:05;1022;20.4;42;6.9;;0.0;0.0;20.4
2026-07-05;03:10;1022;20.4;42;6.9;;0.7;0.7;20.4
2026-07-05;03:15;1022;20.3;42;6.9;;0.7;0.7;20.3
2026-07-05;03:20;1022;20.3;42;6.9;;1.4;1.4;20.3
2026-07-05;03:25;1022;20.2;43;7.1;;0.0;0.0;20.2
2026-07-05;03:30;1022;20.2;43;7.1;;0.0;0.0;20.2
2026-07-05;03:35;1022;20.1;43;7.0;;2.1;2.1;20.1
2026-07-05;03:40;1022;20.0;43;6.9;;1.0;1.0;20.0
2026-07-05;03:45;1022;20.0;43;6.9;;0.0;0.0;20.0
2026-07-05;03:50;1022;20.0;43;6.9;;0.0;0.0;20.0
2026-07-05;03:55;1022;19.9;43;6.8;;1.4;1.4;19.9
2026-07-05;04:00;1022;19.8;44;7.1;;0.0;0.0;19.8
2026-07-05;04:05;1022;19.7;44;7.0;;0.3;0.3;19.7
2026-07-05;04:10;1022;19.7;44;7.0;;0.0;0.0;19.7
2026-07-05;04:15;1022;19.6;44;6.9;;0.0;0.0;19.6
2026-07-05;04:20;1022;19.6;44;6.9;;1.4;1.4;19.6
2026-07-05;04:25;1022;19.6;44;6.9;;1.0;1.0;19.6
2026-07-05;04:30;1022;19.5;44;6.8;;1.0;1.0;19.5
2026-07-05;04:35;1022;19.4;44;6.7;;0.7;0.7;19.4
2026-07-05;04:40;1022;19.4;44;6.7;;0.0;0.0;19.4
2026-07-05;04:45;1022;19.4;44;6.7;;1.4;1.4;19.4
2026-07-05;04:50;1022;19.4;44;6.7;;0.7;0.7;19.4
2026-07-05;04:55;1022;19.3;45;7.0;;0.0;0.0;19.3
2026-07-05;05:00;1022;19.3;44;6.6;;0.7;0.7;19.3
2026-07-05;05:05;1022;19.3;45;7.0;;0.0;0.0;19.3
2026-07-05;05:10;1022;19.3;45;7.0;;0.0;0.0;19.3
2026-07-05;05:15;1022;19.2;45;6.9;;0.0;0.0;19.2
2026-07-05;05:20;1022;19.2;44;6.5;;2.1;2.1;19.2
2026-07-05;05:25;1022;19.1;45;6.8;;1.4;1.4;19.1
2026-07-05;05:30;1022;19.1;45;6.8;;0.0;0.0;19.1
2026-07-05;05:35;1022;19.1;45;6.8;;0.0;0.0;19.1
2026-07-05;05:40;1022;19.1;45;6.8;;0.0;0.0;19.1
2026-07-05;05:45;1022;19.1;45;6.8;;2.5;2.5;19.1
2026-07-05;05:50;1022;19.0;45;6.7;;2.5;2.5;19.0
2026-07-05;05:55;1022;19.0;45;6.7;;1.0;1.0;19.0
2026-07-05;06:00;1022;19.0;45;6.7;;2.8;2.8;19.0
2026-07-05;06:05;1022;19.0;45;6.7;;0.3;0.3;19.0
2026-07-05;06:10;1022;19.0;45;6.7;;2.5;2.5;19.0
2026-07-05;06:15;1022;19.0;45;6.7;;2.8;2.8;19.0
2026-07-05;06:20;1022;19.0;45;6.7;;2.5;2.5;19.0
2026-07-05;06:25;1022;19.0;45;6.7;;0.0;0.0;19.0
2026-07-05;06:30;1022;19.0;46;7.0;;0.0;0.0;19.0
2026-07-05;06:35;1022;18.8;46;6.8;;0.0;0.0;18.8
2026-07-05;06:40;1022;18.7;46;6.7;;0.0;0.0;18.7
2026-07-05;06:45;1022;18.7;46;6.7;;0.0;0.0;18.7
2026-07-05;06:50;1022;18.7;47;7.0;;1.0;1.0;18.7
2026-07-05;06:55;1022;18.7;46;6.7;;0.0;0.0;18.7
2026-07-05;07:00;1022;18.7;47;7.0;;0.0;0.0;18.7
2026-07-05;07:05;1022;18.7;47;7.0;;2.1;2.1;18.7
2026-07-05;07:10;1022;18.7;46;6.7;;2.8;2.8;18.7
2026-07-05;07:15;1022;18.8;46;6.8;;0.0;0.0;18.8
2026-07-05;07:20;1022;18.9;45;6.6;;0.3;0.3;18.9
2026-07-05;07:25;1022;19.0;45;6.7;;1.0;1.0;19.0
2026-07-05;07:30;1022;19.2;45;6.9;;0.0;0.0;19.2
2026-07-05;07:35;1022;19.3;44;6.6;;1.4;1.4;19.3
2026-07-05;07:40;1022;19.5;44;6.8;;0.0;0.0;19.5
2026-07-05;07:45;1022;19.5;44;6.8;;1.0;1.0;19.5
2026-07-05;07:50;1022;19.6;44;6.9;;0.0;0.0;19.6
2026-07-05;07:55;1022;19.7;44;7.0;;0.0;0.0;19.7
2026-07-05;08:00;1022;19.8;44;7.1;;0.0;0.0;19.8
2026-07-05;08:05;1022;20.0;44;7.3;;1.8;1.8;20.0
2026-07-05;08:10;1022;20.1;43;7.0;;0.0;0.0;20.1
2026-07-05;08:15;1022;20.2;43;7.1;;2.8;2.8;20.2
2026-07-05;08:20;1022;20.4;43;7.3;;0.0;0.0;20.4
2026-07-05;08:25;1022;20.6;42;7.1;;0.0;0.0;20.6
2026-07-05;08:30;1022;20.9;42;7.4;;0.0;0.0;20.9
2026-07-05;08:35;1022;21.1;43;7.9;25.0;0.0;0.0;21.1
2026-07-05;08:40;1022;21.3;43;8.1;25.0;0.0;0.0;21.3
2026-07-05;08:45;1022;21.5;44;8.6;25.0;0.0;0.0;21.5
2026-07-05;08:50;1022;21.8;44;8.9;25.0;0.0;0.0;21.8
2026-07-05;08:55;1022;21.9;44;9.0;25.0;0.0;0.0;21.9
2026-07-05;09:00;1022;22.1;44;9.2;25.0;0.0;0.0;22.1
2026-07-05;09:05;1022;22.2;45;9.6;25.0;0.0;0.0;22.2
2026-07-05;09:10;1022;22.3;44;9.4;25.0;0.0;0.0;22.3
2026-07-05;09:15;1022;22.5;46;10.2;25.0;0.0;0.0;22.5
2026-07-05;09:20;1022;22.5;48;10.9;25.0;0.0;0.0;22.5
2026-07-05;09:25;1022;22.5;53;12.4;24.4;2.5;2.5;22.5
2026-07-05;09:30;1022;22.4;54;12.5;24.4;1.4;1.4;22.4
2026-07-05;09:35;1022;22.3;55;12.7;24.4;6.4;7.2;22.3
2026-07-05;09:40;1022;22.1;57;12.8;24.4;4.3;5.7;22.1
2026-07-05;09:45;1022;22.0;57;13.0;24.4;0.0;0.0;22.0
2026-07-05;09:50;1021;21.9;56;12.6;24.4;3.6;3.9;21.9
2026-07-05;09:55;1021;21.8;56;12.5;24.4;6.1;7.2;21.8
2026-07-05;10:00;1021;21.7;56;12.4;24.4;3.9;5.0;21.7
2026-07-05;10:05;1021;21.7;55;12.2;24.4;0.3;0.3;21.7
2026-07-05;10:10;1021;21.9;54;12.1;24.4;2.5;2.5;21.9
2026-07-05;10:15;1021;22.1;54;12.3;24.4;0.7;0.7;22.1
2026-07-05;10:20;1021;22.3;53;12.2;24.4;6.1;7.2;22.3
2026-07-05;10:25;1021;22.4;53;12.3;24.4;0.0;0.0;22.4
2026-07-05;10:30;1021;22.6;54;12.7;24.4;7.2;7.2;22.6
2026-07-05;10:35;1021;22.6;52;12.2;24.4;1.4;1.4;22.6
2026-07-05;10:40;1021;22.6;53;12.5;24.4;1.4;1.4;22.6
2026-07-05;10:45;1021;22.8;52;12.3;24.4;0.3;0.3;22.8
2026-07-05;10:50;1021;22.9;53;12.7;24.4;2.5;2.5;22.9
2026-07-05;10:55;1021;23.1;53;12.9;25.0;0.0;0.0;23.1
2026-07-05;11:00;1021;23.1;54;13.2;25.0;7.2;7.2;23.1
2026-07-05;11:05;1021;23.2;54;13.3;25.0;0.0;0.0;23.2
2026-07-05;11:10;1021;23.2;55;13.6;25.0;0.0;0.0;23.2
2026-07-05;11:15;1021;23.4;54;13.5;25.0;2.5;2.5;23.4
2026-07-05;11:20;1021;23.4;56;14.0;25.0;0.0;0.0;23.4
2026-07-05;11:25;1021;23.3;56;13.9;25.0;7.2;7.2;23.3
2026-07-05;11:30;1021;23.3;57;14.2;24.4;1.4;1.4;23.3
2026-07-05;11:35;1021;23.3;56;13.9;25.0;0.7;0.7;23.3
2026-07-05;11:40;1021;23.3;57;14.2;24.4;7.9;7.9;23.3
2026-07-05;11:45;1021;23.3;56;13.9;25.0;7.2;7.2;23.3
2026-07-05;11:50;1021;23.3;57;14.2;24.4;3.6;4.3;23.3
2026-07-05;11:55;1021;23.3;55;13.7;25.0;1.8;1.8;23.3
2026-07-05;12:00;1021;23.5;54;13.6;25.0;0.3;0.3;23.5
2026-07-05;12:05;1021;24.0;48;12.2;25.0;0.0;0.0;24.0
2026-07-05;12:10;1021;24.5;51;13.6;25.5;6.1;7.2;24.5
2026-07-05;12:15;1021;24.9;51;14.0;25.5;1.0;1.0;24.9
2026-07-05;12:20;1021;25.0;52;14.4;25.5;7.2;7.2;25.0
2026-07-05;12:25;1021;24.8;52;14.2;25.5;1.0;1.0;24.8
2026-07-05;12:30;1021;24.7;53;14.4;25.5;0.0;0.0;24.7
2026-07-05;12:35;1021;24.4;50;13.2;25.5;6.8;7.5;24.4
2026-07-05;12:40;1021;24.3;49;12.8;25.0;5.0;5.4;24.3
2026-07-05;12:45;1021;24.4;48;12.6;25.0;4.3;5.0;24.4
2026-07-05;12:50;1020;24.4;49;12.9;25.5;5.0;5.4;24.4
2026-07-05;12:55;1020;24.6;49;13.1;25.5;7.2;7.2;24.6
2026-07-05;13:00;1020;24.9;49;13.4;25.5;5.4;6.4;24.9
2026-07-05;13:05;1020;25.1;52;14.5;25.5;8.2;8.2;25.1
2026-07-05;13:10;1020;25.0;53;14.7;25.5;7.9;7.9;25.0
2026-07-05;13:15;1020;24.7;50;13.5;25.5;5.4;6.4;24.7
2026-07-05;13:20;1020;24.7;49;13.2;25.5;0.0;0.0;24.7
2026-07-05;13:25;1020;25.0;47;12.8;25.5;7.2;7.2;25.0
2026-07-05;13:30;1020;25.2;47;13.0;25.5;2.1;2.1;25.2
2026-07-05;13:35;1020;25.5;46;13.0;25.5;0.0;0.0;25.5
2026-07-05;13:40;1020;25.6;45;12.7;26.1;1.0;1.0;25.6
2026-07-05;13:45;1020;25.8;44;12.6;26.1;0.3;0.3;25.8
2026-07-05;13:50;1020;26.1;43;12.5;26.1;4.3;5.0;26.1
2026-07-05;13:55;1020;26.2;44;12.9;26.1;5.7;6.4;26.2
2026-07-05;14:00;1020;26.4;41;12.0;26.1;0.0;0.0;26.4
2026-07-05;14:05;1020;26.8;42;12.8;26.6;8.2;8.2;26.8
2026-07-05;14:10;1020;27.0;41;12.6;26.6;4.3;5.4;27.0
2026-07-05;14:15;1020;27.2;41;12.8;26.6;5.0;6.1;27.2
2026-07-05;14:20;1019;27.1;42;13.0;26.6;5.7;7.2;27.1
2026-07-05;14:25;1019;27.1;41;12.7;26.6;3.9;5.0;27.1
2026-07-05;14:30;1019;27.1;42;13.0;26.6;7.5;7.5;27.1
2026-07-05;14:35;1019;27.2;41;12.8;26.6;5.0;6.1;27.2
2026-07-05;14:40;1019;27.2;41;12.8;26.6;7.2;7.2;27.2
2026-07-05;14:45;1019;27.2;37;11.2;26.6;7.2;7.2;27.2
2026-07-05;14:50;1019;27.5;36;11.1;26.6;0.0;0.0;27.5
2026-07-05;14:55;1019;27.9;37;11.8;27.2;5.7;7.2;27.9
2026-07-05;15:00;1019;28.1;35;11.2;27.2;2.8;2.8;28.1
2026-07-05;15:05;1019;28.4;38;12.7;27.7;7.5;7.5;28.4
2026-07-05;15:10;1019;28.4;39;13.1;27.7;7.2;7.2;28.4
2026-07-05;15:15;1019;28.3;41;13.7;27.7;7.2;7.2;28.3
2026-07-05;15:20;1019;28.2;38;12.5;27.2;2.1;2.1;28.2
2026-07-05;15:25;1019;28.5;34;11.1;27.2;0.0;0.0;28.5
2026-07-05;15:30;1019;29.0;33;11.1;27.7;5.0;5.4;29.0
2026-07-05;15:35;1019;29.3;32;10.9;27.7;4.3;5.0;29.3
2026-07-05;15:40;1019;29.5;33;11.5;28.3;1.0;1.0;29.5
2026-07-05;15:45;1019;29.8;31;10.8;28.3;7.2;7.2;29.8
2026-07-05;15:50;1019;30.0;30;10.5;28.3;3.6;4.6;30.0
2026-07-05;15:55;1019;30.0;33;11.9;28.8;3.6;4.3;30.0
2026-07-05;16:00;1019;30.0;36;13.3;28.8;6.1;6.8;30.0
2026-07-05;16:05;1019;29.9;33;11.9;28.3;3.2;3.9;29.9
2026-07-05;16:10;1019;30.0;27;9.0;28.3;8.6;9.0;30.0
2026-07-05;16:15;1019;30.1;32;11.6;28.8;4.3;5.0;30.1
2026-07-05;16:20;1018;30.2;32;11.7;28.8;1.8;1.8;30.2
2026-07-05;16:25;1018;30.2;34;12.6;28.8;9.7;10.0;30.2
2026-07-05;16:30;1018;30.3;30;10.8;28.8;0.0;0.0;30.3
2026-07-05;16:35;1018;30.5;26;8.8;28.8;1.4;1.4;30.5
2026-07-05;16:40;1018;31.0;25;8.7;28.8;0.0;0.0;31.0
2026-07-05;16:45;1018;31.5;24;8.5;29.4;0.0;0.0;31.5
2026-07-05;16:50;1018;31.7;25;9.3;30.0;3.6;4.3;31.7
2026-07-05;16:55;1018;31.6;29;11.4;30.0;0.0;0.0;31.6
2026-07-05;17:00;1018;31.3;30;11.7;30.0;5.0;5.7;31.3
2026-07-05;17:05;1018;31.2;26;9.4;29.4;0.0;0.0;31.2
2026-07-05;17:10;1018;31.4;25;9.0;29.4;3.9;4.3;31.4
2026-07-05;17:15;1018;31.7;25;9.3;30.0;0.0;0.0;31.7
2026-07-05;17:20;1018;31.9;31;12.7;30.5;7.9;7.9;31.9
2026-07-05;17:25;1018;31.8;26;10.0;30.0;0.0;0.0;31.8
2026-07-05;17:30;1018;31.8;24;8.8;30.0;16.9;19.0;31.8
2026-07-05;17:35;1018;31.8;24;8.8;30.0;2.1;2.1;31.8
2026-07-05;17:40;1018;32.0;25;9.5;30.0;5.0;6.1;32.0
2026-07-05;17:45;1018;32.0;25;9.5;30.0;10.0;10.8;32.0
2026-07-05;17:50;1018;32.0;24;8.9;30.0;5.4;6.4;32.0
2026-07-05;17:55;1018;31.9;24;8.9;30.0;2.1;2.1;31.9
2026-07-05;18:00;1018;32.1;24;9.0;30.0;7.2;7.2;32.1
2026-07-05;18:05;1018;32.2;24;9.1;30.0;7.9;7.9;32.2
2026-07-05;18:10;1018;32.2;25;9.7;30.0;4.3;5.4;32.2
2026-07-05;18:15;1018;32.2;27;10.9;30.5;2.1;2.1;32.2
2026-07-05;18:20;1018;32.1;28;11.3;30.5;5.4;6.4;32.1
2026-07-05;18:25;1018;32.1;28;11.3;30.5;4.3;5.4;32.1
2026-07-05;18:30;1018;31.9;25;9.4;30.0;2.8;3.9;31.9
2026-07-05;18:35;1018;31.7;27;10.4;30.0;3.9;5.0;31.7
2026-07-05;18:40;1018;31.5;26;9.7;29.4;7.2;7.2;31.5
2026-07-05;18:45;1018;31.2;27;10.0;29.4;7.2;7.2;31.2
2026-07-05;18:50;1018;30.9;28;10.3;29.4;3.6;4.3;30.9
2026-07-05;18:55;1018;30.9;26;9.2;28.8;0.0;0.0;30.9
2026-07-05;19:00;1018;31.7;25;9.3;30.0;0.0;0.0;31.7
2026-07-05;19:05;1018;32.3;26;10.4;30.5;2.8;2.8;32.3
2026-07-05;19:10;1018;32.4;26;10.5;30.5;0.0;0.0;32.4
2026-07-05;19:15;1018;32.3;25;9.8;30.5;4.3;5.0;32.3
2026-07-05;19:20;1018;32.3;30;12.5;31.1;0.0;0.0;32.3
2026-07-05;19:25;1018;32.2;29;11.9;30.5;0.0;0.0;32.2
2026-07-05;19:30;1018;31.8;34;14.0;30.5;6.4;7.2;31.8
2026-07-05;19:35;1018;31.6;30;11.9;30.0;0.3;0.3;31.6
2026-07-05;19:40;1018;31.5;29;11.3;30.0;0.3;0.3;31.5
2026-07-05;19:45;1018;31.7;30;12.0;30.0;0.0;0.0;31.7
2026-07-05;19:50;1018;31.7;34;13.9;30.5;9.3;9.7;31.7
2026-07-05;19:55;1018;31.2;34;13.5;30.0;2.8;3.6;31.2
2026-07-05;20:00;1018;30.7;32;12.1;29.4;0.0;0.0;30.7
2026-07-05;20:05;1018;30.7;33;12.6;29.4;7.5;7.5;30.7
2026-07-05;20:10;1018;30.8;33;12.7;29.4;0.7;0.7;30.8
2026-07-05;20:15;1018;30.8;32;12.2;29.4;0.0;0.0;30.8
2026-07-05;20:20;1018;30.9;33;12.7;29.4;0.0;0.0;30.9
2026-07-05;20:25;1018;30.9;34;13.2;30.0;0.0;0.0;30.9
2026-07-05;20:30;1018;30.8;34;13.1;29.4;0.3;0.3;30.8
2026-07-05;20:35;1018;30.7;34;13.0;29.4;0.0;0.0;30.7
2026-07-05;20:40;1018;30.7;34;13.0;29.4;0.0;0.0;30.7
2026-07-05;20:45;1018;30.6;34;12.9;29.4;0.3;0.3;30.6
2026-07-05;20:50;1018;30.5;35;13.3;29.4;0.0;0.0;30.5
2026-07-05;20:55;1018;30.4;35;13.2;29.4;1.0;1.0;30.4
2026-07-05;21:00;1018;30.3;36;13.6;29.4;0.0;0.0;30.3
2026-07-05;21:05;1018;29.8;36;13.1;28.8;0.3;0.3;29.8
2026-07-05;21:10;1018;29.3;36;12.7;28.3;1.4;1.4;29.3
2026-07-05;21:15;1018;29.0;37;12.8;28.3;0.0;0.0;29.0
2026-07-05;21:20;1018;28.8;37;12.6;27.7;0.0;0.0;28.8
2026-07-05;21:25;1018;28.7;38;12.9;27.7;0.0;0.0;28.7
2026-07-05;21:30;1018;28.5;39;13.2;27.7;0.3;0.3;28.5
2026-07-05;21:35;1018;28.3;40;13.4;27.7;0.0;0.0;28.3
2026-07-05;21:40;1018;28.0;41;13.5;27.2;0.0;0.0;28.0
2026-07-05;21:45;1018;27.7;41;13.2;27.2;0.0;0.0;27.7
2026-07-05;21:50;1018;27.4;41;12.9;26.6;0.0;0.0;27.4
2026-07-05;21:55;1018;27.1;42;13.0;26.6;0.0;0.0;27.1
2026-07-05;22:00;1018;26.9;42;12.8;26.6;0.0;0.0;26.9
2026-07-05;22:05;1019;26.7;43;13.0;26.6;0.0;0.0;26.7
2026-07-05;22:10;1019;26.4;43;12.7;26.1;0.0;0.0;26.4
2026-07-05;22:15;1019;26.2;44;12.9;26.1;0.0;0.0;26.2
2026-07-05;22:20;1019;26.0;44;12.7;26.1;0.0;0.0;26.0
2026-07-05;22:25;1019;25.8;45;12.9;26.1;0.0;0.0;25.8
2026-07-05;22:30;1019;25.6;45;12.7;26.1;1.4;1.4;25.6
2026-07-05;22:35;1019;25.5;45;12.6;25.5;0.0;0.0;25.5
2026-07-05;22:40;1019;25.4;45;12.5;25.5;0.0;0.0;25.4
2026-07-05;22:45;1019;25.2;46;12.7;25.5;0.0;0.0;25.2
2026-07-05;22:50;1019;24.9;47;12.7;25.5;0.3;0.3;24.9
2026-07-05;22:55;1019;24.8;47;12.6;25.5;0.0;0.0;24.8
2026-07-05;23:00;1019;24.7;47;12.6;25.5;0.0;0.0;24.7
2026-07-05;23:05;1019;24.5;48;12.7;25.5;0.0;0.0;24.5
2026-07-05;23:10;1019;24.3;48;12.5;25.0;0.0;0.0;24.3
2026-07-05;23:15;1019;24.2;49;12.7;25.0;0.0;0.0;24.2
2026-07-05;23:20;1015;24.0;49;7.35;25.0;0.0;0.0;24.0
2026-07-05;23:25;1019;23.9;50;12.8;25.0;0.0;0.0;23.9
2026-07-05;23:30;1019;23.8;50;12.7;25.0;0.0;0.0;23.8
2026-07-05;23:35;1019;23.7;50;12.6;25.0;0.0;0.0;23.7
2026-07-05;23:40;1019;23.6;50;12.5;25.0;0.0;0.0;23.6
2026-07-05;23:45;1019;23.5;51;12.7;25.0;0.0;0.0;23.5
2026-07-05;23:50;1019;23.4;50;12.3;25.0;0.0;0.0;23.4
2026-07-05;23:55;1019;23.3;51;12.5;25.0;0.0;0.0;23.3
2026-07-06;00:00;1019;23.3;50;12.2;25.0;0.0;0.0;23.3
2026-07-06;00:05;1020;23.3;50;12.2;25.0;0.0;0.0;23.3
2026-07-06;00:10;1020;23.2;50;12.1;25.0;0.0;0.0;23.2
2026-07-06;00:15;1020;23.2;50;12.1;25.0;0.0;0.0;23.2
2026-07-06;00:20;1020;23.2;49;11.8;25.0;0.7;0.7;23.2
2026-07-06;00:25;1020;23.3;48;11.6;25.0;0.0;0.0;23.3
2026-07-06;00:30;1020;23.4;48;11.7;25.0;0.0;0.0;23.4
2026-07-06;00:35;1019;23.5;48;11.8;25.0;0.0;0.0;23.5
2026-07-06;00:40;1019;23.4;48;11.7;25.0;1.0;1.0;23.4
2026-07-06;00:45;1019;23.3;48;11.6;25.0;0.0;0.0;23.3
2026-07-06;00:50;1019;23.3;48;11.6;25.0;1.0;1.0;23.3
2026-07-06;00:55;1019;23.2;48;11.5;25.0;0.0;0.0;23.2
2026-07-06;01:00;1019;23.2;48;11.5;25.0;0.0;0.0;23.2
2026-07-06;01:05;1019;23.2;49;11.8;25.0;0.0;0.0;23.2
2026-07-06;01:10;1019;23.2;48;11.5;25.0;1.4;1.4;23.2
2026-07-06;01:15;1019;23.1;48;11.4;25.0;0.3;0.3;23.1
2026-07-06;01:20;1019;23.1;49;11.7;25.0;0.0;0.0;23.1
2026-07-06;01:25;1019;23.0;49;11.6;25.0;3.2;3.2;23.0
2026-07-06;01:30;1019;22.9;49;11.5;25.0;1.4;1.4;22.9
2026-07-06;01:35;1019;22.8;50;11.8;25.0;1.0;1.0;22.8
2026-07-06;01:40;1019;22.8;49;11.4;25.0;0.0;0.0;22.8
2026-07-06;01:45;1019;22.7;49;11.3;25.0;1.4;1.4;22.7
2026-07-06;01:50;1019;22.6;50;11.6;24.4;0.0;0.0;22.6
2026-07-06;01:55;1019;22.6;50;11.6;24.4;0.0;0.0;22.6
2026-07-06;02:00;1019;22.4;51;11.7;24.4;0.7;0.7;22.4
2026-07-06;02:05;1019;22.1;51;11.4;24.4;0.0;0.0;22.1
2026-07-06;02:10;1019;22.0;51;11.3;24.4;0.0;0.0;22.0
2026-07-06;02:15;1019;21.8;52;11.4;24.4;0.0;0.0;21.8
2026-07-06;02:20;1019;21.7;52;11.3;24.4;0.7;0.7;21.7
2026-07-06;02:25;1019;21.7;52;11.3;24.4;0.0;0.0;21.7
2026-07-06;02:30;1019;21.6;52;11.2;24.4;1.4;1.4;21.6
2026-07-06;02:35;1019;21.6;52;11.2;24.4;0.0;0.0;21.6
2026-07-06;02:40;1019;21.6;52;11.2;24.4;0.3;0.3;21.6
2026-07-06;02:45;1019;21.5;52;11.1;24.4;0.0;0.0;21.5
2026-07-06;02:50;1019;21.4;53;11.3;24.4;0.0;0.0;21.4
2026-07-06;02:55;1019;21.3;53;11.2;24.4;0.0;0.0;21.3
2026-07-06;03:00;1019;21.2;53;11.1;24.4;0.0;0.0;21.2
2026-07-06;03:05;1019;21.1;53;11.1;24.4;0.0;0.0;21.1
2026-07-06;03:10;1019;21.1;54;11.3;24.4;0.0;0.0;21.1
2026-07-06;03:15;1019;21.0;54;11.2;24.4;0.0;0.0;21.0
2026-07-06;03:20;1019;20.9;54;11.1;;0.0;0.0;20.9
2026-07-06;03:25;1019;20.8;54;11.1;;0.0;0.0;20.8
2026-07-06;03:30;1019;20.8;54;11.1;;0.0;0.0;20.8
2026-07-06;03:35;1019;20.9;54;11.1;;2.1;2.1;20.9
2026-07-06;03:40;1019;20.9;54;11.1;;3.6;4.3;20.9
2026-07-06;03:45;1019;20.9;53;10.9;;1.4;1.4;20.9
2026-07-06;03:50;1019;21.0;53;11.0;24.4;0.0;0.0;21.0
2026-07-06;03:55;1019;20.9;54;11.1;;1.0;1.0;20.9
2026-07-06;04:00;1019;20.8;54;11.1;;1.8;1.8;20.8
2026-07-06;04:05;1019;20.8;54;11.1;;0.3;0.3;20.8
2026-07-06;04:10;1019;20.7;54;11.0;;0.0;0.0;20.7
2026-07-06;04:15;1019;20.6;55;11.1;;0.0;0.0;20.6
2026-07-06;04:20;1018;20.6;55;11.1;;1.4;1.4;20.6
2026-07-06;04:25;1018;20.5;55;11.0;;0.0;0.0;20.5
2026-07-06;04:30;1018;20.5;55;11.0;;0.0;0.0;20.5
2026-07-06;04:35;1019;20.4;55;11.0;;0.0;0.0;20.4
2026-07-06;04:40;1019;20.4;55;11.0;;1.4;1.4;20.4
2026-07-06;04:45;1019;20.4;55;11.0;;0.0;0.0;20.4
2026-07-06;04:50;1018;20.4;56;11.2;;0.0;0.0;20.4
2026-07-06;04:55;1018;20.3;56;11.1;;0.0;0.0;20.3
2026-07-06;05:00;1018;20.2;56;11.0;;0.7;0.7;20.2
2026-07-06;05:05;1019;20.1;57;11.2;;0.0;0.0;20.1
2026-07-06;05:10;1019;20.0;57;11.1;;0.3;0.3;20.0
2026-07-06;05:15;1019;19.9;58;11.3;;1.0;1.0;19.9
2026-07-06;05:20;1019;19.8;57;10.9;;1.4;1.4;19.8
2026-07-06;05:25;1019;19.8;57;10.9;;0.0;0.0;19.8
2026-07-06;05:30;1019;19.9;57;11.0;;0.0;0.0;19.9
2026-07-06;05:35;1019;19.8;57;10.9;;0.0;0.0;19.8
2026-07-06;05:40;1019;19.7;58;11.1;;0.0;0.0;19.7
2026-07-06;05:45;1019;19.5;59;11.2;;1.4;1.4;19.5
2026-07-06;05:50;1019;19.3;59;11.0;;2.1;2.1;19.3
2026-07-06;05:55;1019;19.2;59;10.9;;0.0;0.0;19.2
2026-07-06;06:00;1019;19.3;59;11.0;;0.0;0.0;19.3
2026-07-06;06:05;1019;19.3;58;10.7;;1.0;1.0;19.3
2026-07-06;06:10;1019;19.5;58;10.9;;0.3;0.3;19.5
2026-07-06;06:15;1019;19.6;58;11.0;;0.0;0.0;19.6
2026-07-06;06:20;1019;19.6;58;11.0;;0.3;0.3;19.6
2026-07-06;06:25;1019;19.6;57;10.7;;0.0;0.0;19.6
2026-07-06;06:30;1019;19.6;58;11.0;;0.0;0.0;19.6
2026-07-06;06:35;1019;19.6;58;11.0;;0.0;0.0;19.6
2026-07-06;06:40;1019;19.6;57;10.7;;0.0;0.0;19.6
2026-07-06;06:45;1019;19.8;56;10.7;;0.7;0.7;19.8
2026-07-06;06:50;1019;20.0;55;10.6;;0.0;0.0;20.0
2026-07-06;06:55;1019;20.3;55;10.9;;0.0;0.0;20.3
2026-07-06;07:00;1019;20.4;55;11.0;;0.0;0.0;20.4
2026-07-06;07:05;1019;20.6;55;11.1;;0.0;0.0;20.6
2026-07-06;07:10;1019;20.6;55;11.1;;0.0;0.0;20.6
2026-07-06;07:15;1019;20.7;55;11.2;;1.4;1.4;20.7
2026-07-06;07:20;1019;20.6;56;11.4;;0.0;0.0;20.6
2026-07-06;07:25;1019;20.5;55;11.0;;0.0;0.0;20.5
2026-07-06;07:30;1019;20.5;55;11.0;;1.4;1.4;20.5
2026-07-06;07:35;1019;20.7;54;11.0;;0.7;0.7;20.7
2026-07-06;07:40;1019;20.8;54;11.1;;1.4;1.4;20.8
2026-07-06;07:45;1019;21.0;54;11.2;24.4;0.0;0.0;21.0
2026-07-06;07:50;1019;21.1;54;11.3;24.4;0.0;0.0;21.1
2026-07-06;07:55;1019;21.2;54;11.4;24.4;0.0;0.0;21.2
2026-07-06;08:00;1019;21.3;54;11.5;24.4;0.0;0.0;21.3
2026-07-06;08:05;1019;21.5;54;11.7;24.4;0.0;0.0;21.5
2026-07-06;08:10;1019;21.6;53;11.5;24.4;0.0;0.0;21.6
2026-07-06;08:15;1019;21.8;53;11.7;24.4;0.0;0.0;21.8
2026-07-06;08:20;1019;21.9;52;11.5;24.4;0.0;0.0;21.9
2026-07-06;08:25;1019;22.1;52;11.7;24.4;0.0;0.0;22.1
2026-07-06;08:30;1019;22.2;52;11.8;24.4;0.0;0.0;22.2
2026-07-06;08:35;1019;22.3;52;11.9;24.4;0.0;0.0;22.3
2026-07-06;08:40;1019;22.4;52;12.0;24.4;0.0;0.0;22.4
2026-07-06;08:45;1019;22.6;51;11.9;24.4;0.0;0.0;22.6
2026-07-06;08:50;1019;22.8;51;12.0;25.0;0.0;0.0;22.8
2026-07-06;08:55;1019;23.0;50;11.9;25.0;0.0;0.0;23.0
2026-07-06;09:00;1019;23.2;49;11.8;25.0;0.0;0.0;23.2
2026-07-06;09:05;1019;23.3;49;11.9;25.0;0.0;0.0;23.3
2026-07-06;09:10;1019;23.4;48;11.7;25.0;0.0;0.0;23.4
2026-07-06;09:15;1019;23.6;49;12.2;25.0;0.0;0.0;23.6
2026-07-06;09:20;1019;23.7;48;12.0;25.0;0.0;0.0;23.7
2026-07-06;09:25;1019;23.9;47;11.8;25.0;0.0;0.0;23.9
2026-07-06;09:30;1019;24.2;47;12.1;25.0;0.0;0.0;24.2
2026-07-06;09:35;1019;24.4;46;11.9;25.0;0.0;0.0;24.4
2026-07-06;09:40;1019;24.5;46;12.0;25.5;1.4;1.4;24.5
2026-07-06;09:45;1019;24.6;51;13.7;25.5;0.0;0.0;24.6
2026-07-06;09:50;1019;24.4;59;15.8;25.0;6.1;7.5;24.4
2026-07-06;09:55;1019;24.0;59;15.4;25.0;10.0;10.8;24.0
2026-07-06;10:00;1019;23.6;60;15.3;25.0;7.9;7.9;23.6
2026-07-06;10:05;1019;23.3;61;15.3;24.4;5.7;6.4;23.3
2026-07-06;10:10;1019;23.2;63;15.7;24.4;10.8;10.8;23.2
2026-07-06;10:15;1019;23.1;63;15.6;24.4;8.6;9.0;23.1
2026-07-06;10:20;1019;23.0;63;15.5;24.4;2.1;2.1;23.0
2026-07-06;10:25;1019;22.9;62;15.1;24.4;3.9;5.0;22.9
2026-07-06;10:30;1019;22.9;62;15.1;24.4;7.2;7.2;22.9
2026-07-06;10:35;1019;23.1;62;15.3;24.4;7.5;7.5;23.1
2026-07-06;10:40;1019;23.4;59;14.8;24.4;2.5;2.5;23.4
2026-07-06;10:45;1019;23.5;60;15.2;24.4;5.7;6.4;23.5
2026-07-06;10:50;1019;23.6;59;15.0;25.0;2.1;2.1;23.6
2026-07-06;10:55;1019;23.7;58;14.9;25.0;3.9;4.3;23.7
2026-07-06;11:00;1019;23.9;59;15.3;25.0;7.2;7.2;23.9
2026-07-06;11:05;1019;24.1;60;15.8;25.0;3.9;5.0;24.1
2026-07-06;11:10;1019;24.2;59;15.6;25.0;3.6;4.6;24.2
2026-07-06;11:15;1019;24.2;60;15.9;25.0;7.2;7.2;24.2
2026-07-06;11:20;1019;24.1;59;15.5;25.0;7.2;7.2;24.1
2026-07-06;11:25;1019;24.2;58;15.3;25.0;7.2;7.2;24.2
2026-07-06;11:30;1019;24.3;56;14.9;25.0;1.8;1.8;24.3
2026-07-06;11:35;1019;24.6;57;15.4;25.5;4.6;6.1;24.6
2026-07-06;11:40;1019;24.7;56;15.3;25.5;3.6;4.3;24.7
2026-07-06;11:45;1019;24.8;57;15.6;25.5;4.6;5.7;24.8
2026-07-06;11:50;1019;24.9;56;15.4;25.5;2.5;2.5;24.9
2026-07-06;11:55;1019;25.0;57;15.8;25.5;6.8;7.5;25.0
2026-07-06;12:00;1019;25.0;52;14.4;25.5;2.1;2.1;25.0
2026-07-06;12:05;1019;25.2;53;14.9;25.5;4.3;5.4;25.2
2026-07-06;12:10;1019;25.3;54;15.3;26.1;7.2;8.2;25.3
2026-07-06;12:15;1019;25.5;50;14.2;26.1;7.2;7.2;25.5
2026-07-06;12:20;1019;25.5;54;15.4;26.1;7.2;7.2;25.5
2026-07-06;12:25;1019;25.7;50;14.4;26.1;2.8;2.8;25.7
2026-07-06;12:30;1019;25.8;52;15.1;26.1;3.9;5.0;25.8
2026-07-06;12:35;1019;26.0;50;14.7;26.1;6.4;7.2;26.0
2026-07-06;12:40;1019;26.1;37;10.2;26.1;0.3;0.3;26.1
2026-07-06;12:45;1019;26.6;33;8.9;26.1;1.0;1.0;26.6
2026-07-06;12:50;1019;27.5;27;6.8;26.1;0.0;0.0;27.5
2026-07-06;12:55;1019;28.2;24;5.7;26.6;0.0;0.0;28.2
2026-07-06;13:00;1019;28.7;26;7.3;27.2;0.0;0.0;28.7
2026-07-06;13:05;1018;28.9;27;8.0;27.2;1.0;1.0;28.9
2026-07-06;13:10;1018;29.1;28;8.7;27.7;0.0;0.0;29.1
2026-07-06;13:15;1018;29.2;27;8.3;27.7;1.4;1.4;29.2
2026-07-06;13:20;1018;29.2;27;8.3;27.7;0.3;0.3;29.2
2026-07-06;13:25;1018;29.3;27;8.4;27.7;0.0;0.0;29.3
2026-07-06;13:30;1018;29.5;27;8.5;27.7;0.0;0.0;29.5
2026-07-06;13:35;1018;29.6;27;8.6;27.7;0.0;0.0;29.6
2026-07-06;13:40;1018;29.8;27;8.8;28.3;0.0;0.0;29.8
2026-07-06;13:45;1018;30.0;26;8.4;28.3;0.0;0.0;30.0
2026-07-06;13:50;1018;30.0;26;8.4;28.3;0.0;0.0;30.0
2026-07-06;13:55;1018;30.0;26;8.4;28.3;1.0;1.0;30.0
2026-07-06;14:00;1018;29.9;27;8.9;28.3;2.1;2.1;29.9
2026-07-06;14:05;1018;29.7;26;8.1;27.7;0.0;0.0;29.7
2026-07-06;14:10;1018;29.7;26;8.1;27.7;2.5;2.5;29.7
2026-07-06;14:15;1018;29.7;26;8.1;27.7;1.4;1.4;29.7
2026-07-06;14:20;1018;29.8;27;8.8;28.3;0.0;0.0;29.8
2026-07-06;14:25;1018;29.9;26;8.3;28.3;7.5;7.5;29.9
2026-07-06;14:30;1018;29.8;25;7.6;27.7;2.5;2.5;29.8
2026-07-06;14:35;1018;29.9;25;7.7;28.3;0.7;0.7;29.9
2026-07-06;14:40;1018;30.1;24;7.3;28.3;0.3;0.3;30.1
2026-07-06;14:45;1018;30.3;25;8.1;28.3;2.5;2.5;30.3
2026-07-06;14:50;1018;30.3;27;9.2;28.3;6.4;7.2;30.3
2026-07-06;14:55;1018;30.3;28;9.7;28.3;0.0;0.0;30.3
2026-07-06;15:00;1018;30.0;27;9.0;28.3;0.0;0.0;30.0
2026-07-06;15:05;1018;29.8;25;7.6;27.7;1.4;1.4;29.8
2026-07-06;15:10;1018;29.9;26;8.3;28.3;2.8;3.2;29.9
2026-07-06;15:15;1018;30.2;26;8.6;28.3;2.8;3.9;30.2
2026-07-06;15:20;1018;30.4;26;8.7;28.3;2.8;2.8;30.4
2026-07-06;15:25;1018;30.5;25;8.2;28.3;0.0;0.0;30.5
2026-07-06;15:30;1018;30.4;25;8.2;28.3;2.8;2.8;30.4
2026-07-06;15:35;1017;30.5;25;8.2;28.3;0.0;0.0;30.5
2026-07-06;15:40;1017;30.7;25;8.4;28.8;1.4;1.4;30.7
2026-07-06;15:45;1017;31.1;25;8.8;28.8;2.8;3.9;31.1
2026-07-06;15:50;1017;31.2;25;8.8;29.4;0.0;0.0;31.2
2026-07-06;15:55;1017;31.2;25;8.8;29.4;1.4;1.4;31.2
2026-07-06;16:00;1017;31.2;24;8.3;29.4;0.0;0.0;31.2
2026-07-06;16:05;1017;31.4;24;8.4;29.4;0.0;0.0;31.4
2026-07-06;16:10;1017;31.6;24;8.6;29.4;0.0;0.0;31.6
2026-07-06;16:15;1017;31.7;23;8.1;29.4;0.7;0.7;31.7
2026-07-06;16:20;1017;31.7;23;8.1;29.4;0.0;0.0;31.7
2026-07-06;16:25;1017;31.8;22;7.5;29.4;0.3;0.3;31.8
2026-07-06;16:30;1017;32.1;22;7.7;30.0;0.0;0.0;32.1
2026-07-06;16:35;1017;32.5;21;7.4;30.0;0.0;0.0;32.5
2026-07-06;16:40;1017;32.7;21;7.6;30.5;3.6;3.9;32.7
2026-07-06;16:45;1017;32.9;21;7.7;30.5;0.0;0.0;32.9
2026-07-06;16:50;1017;33.1;20;7.2;30.5;0.0;0.0;33.1
2026-07-06;16:55;1017;33.2;20;7.3;31.1;6.4;7.2;33.2
2026-07-06;17:00;1017;33.2;20;7.3;31.1;0.0;0.0;33.2
2026-07-06;17:05;1017;33.2;19;6.5;30.5;1.4;1.4;33.2
2026-07-06;17:10;1017;33.4;19;6.7;31.1;1.8;1.8;33.4
2026-07-06;17:15;1017;33.4;19;6.7;31.1;1.4;1.4;33.4
2026-07-06;17:20;1017;33.6;18;6.1;31.1;0.0;0.0;33.6
2026-07-06;17:25;1017;33.8;18;6.3;31.1;1.4;1.4;33.8
2026-07-06;17:30;1017;34.1;18;6.5;31.6;2.5;2.5;34.1
2026-07-06;17:35;1017;34.2;19;7.4;31.6;0.0;0.0;34.2
2026-07-06;17:40;1017;33.9;19;7.1;31.6;1.4;1.4;33.9
2026-07-06;17:45;1017;33.6;19;6.9;31.1;0.0;0.0;33.6
2026-07-06;17:50;1017;33.7;19;7.0;31.1;0.3;0.3;33.7
2026-07-06;17:55;1017;33.7;19;7.0;31.1;0.7;0.7;33.7
2026-07-06;18:00;1017;33.6;19;6.9;31.1;1.0;1.0;33.6
2026-07-06;18:05;1017;33.5;19;6.8;31.1;7.2;7.2;33.5
2026-07-06;18:10;1017;33.6;19;6.9;31.1;0.0;0.0;33.6
2026-07-06;18:15;1017;33.7;19;7.0;31.1;6.8;7.9;33.7
2026-07-06;18:20;1017;33.6;19;6.9;31.1;0.3;0.3;33.6
2026-07-06;18:25;1017;33.4;19;6.7;31.1;1.0;1.0;33.4
2026-07-06;18:30;1017;33.8;19;7.0;31.1;0.0;0.0;33.8
2026-07-06;18:35;1016;34.1;19;7.3;31.6;2.1;2.1;34.1
2026-07-06;18:40;1016;34.3;19;7.5;31.6;0.0;0.0;34.3
2026-07-06;18:45;1016;34.6;19;7.7;32.2;0.0;0.0;34.6
2026-07-06;18:50;1016;34.9;19;8.0;32.7;0.0;0.0;34.9
2026-07-06;18:55;1016;35.1;19;8.1;32.7;0.0;0.0;35.1
2026-07-06;19:00;1016;35.1;19;8.1;32.7;1.4;1.4;35.1
2026-07-06;19:05;1016;34.7;19;7.8;32.2;0.0;0.0;34.7
2026-07-06;19:10;1016;34.5;19;7.6;32.2;0.0;0.0;34.5
2026-07-06;19:15;1016;34.2;20;8.1;31.6;0.3;0.3;34.2
2026-07-06;19:20;1016;34.2;19;7.4;31.6;0.0;0.0;34.2
2026-07-06;19:25;1016;34.6;19;7.7;32.2;0.3;0.3;34.6
2026-07-06;19:30;1016;34.9;19;8.0;32.7;0.0;0.0;34.9
2026-07-06;19:35;1016;34.8;19;7.9;32.2;2.1;2.1;34.8
2026-07-06;19:40;1016;34.7;19;7.8;32.2;0.0;0.0;34.7
2026-07-06;19:45;1016;34.6;19;7.7;32.2;0.3;0.3;34.6
2026-07-06;19:50;1016;34.4;20;8.3;32.2;0.0;0.0;34.4
2026-07-06;19:55;1016;34.1;20;8.0;31.6;1.4;1.4;34.1
2026-07-06;20:00;1016;33.9;20;7.9;31.6;0.3;0.3;33.9
2026-07-06;20:05;1016;33.4;27;11.9;31.6;0.0;0.0;33.4
2026-07-06;20:10;1016;32.0;30;12.3;30.5;0.0;0.0;32.0
2026-07-06;20:15;1016;30.0;33;11.9;28.8;0.0;0.0;30.0
2026-07-06;20:20;1016;28.9;33;11.0;27.7;0.3;0.3;28.9
2026-07-06;20:25;1016;29.1;24;6.5;27.2;0.0;0.0;29.1
2026-07-06;20:30;1016;30.5;23;7.0;28.3;0.3;0.3;30.5
2026-07-06;20:35;1016;31.9;24;8.9;30.0;0.0;0.0;31.9
2026-07-06;20:40;1016;32.0;25;9.5;30.0;0.0;0.0;32.0
2026-07-06;20:45;1016;31.8;27;10.5;30.0;0.0;0.0;31.8
2026-07-06;20:50;1016;31.6;29;11.4;30.0;1.4;1.4;31.6
2026-07-06;20:55;1016;31.3;29;11.1;29.4;0.0;0.0;31.3
2026-07-06;21:00;1016;31.2;28;10.5;29.4;0.0;0.0;31.2
2026-07-06;21:05;1017;31.1;29;11.0;29.4;0.0;0.0;31.1
2026-07-06;21:10;1017;30.8;30;11.2;29.4;0.0;0.0;30.8
2026-07-06;21:15;1017;30.3;31;11.3;28.8;0.0;0.0;30.3
2026-07-06;21:20;1017;29.9;31;10.9;28.3;0.0;0.0;29.9
2026-07-06;21:25;1017;29.6;33;11.6;28.3;0.0;0.0;29.6
2026-07-06;21:30;1017;29.4;34;11.9;28.3;0.0;0.0;29.4
2026-07-06;21:35;1017;29.1;36;12.5;28.3;0.0;0.0;29.1
2026-07-06;21:40;1017;28.7;37;12.5;27.7;0.0;0.0;28.7
2026-07-06;21:45;1017;28.3;37;12.2;27.2;0.0;0.0;28.3
2026-07-06;21:50;1017;28.0;37;11.9;27.2;0.0;0.0;28.0
2026-07-06;21:55;1017;27.7;37;11.6;27.2;0.0;0.0;27.7
2026-07-06;22:00;1017;27.5;38;11.9;26.6;0.0;0.0;27.5
2026-07-06;22:05;1017;27.3;38;11.7;26.6;0.0;0.0;27.3
2026-07-06;22:10;1017;27.0;39;11.8;26.6;0.0;0.0;27.0
2026-07-06;22:15;1017;26.7;40;11.9;26.1;0.0;0.0;26.7
2026-07-06;22:20;1018;26.3;40;11.6;26.1;0.0;0.0;26.3
2026-07-06;22:25;1018;26.0;41;11.7;26.1;0.0;0.0;26.0
2026-07-06;22:30;1018;25.7;41;11.4;25.5;0.0;0.0;25.7
2026-07-06;22:35;1017;25.5;42;11.6;25.5;0.0;0.0;25.5
2026-07-06;22:40;1017;25.3;42;11.4;25.5;0.0;0.0;25.3
2026-07-06;22:45;1017;25.1;42;11.2;25.5;0.0;0.0;25.1
2026-07-06;22:50;1018;24.9;42;11.0;25.5;0.0;0.0;24.9
2026-07-06;22:55;1018;24.6;43;11.1;25.5;0.0;0.0;24.6
2026-07-06;23:00;1018;24.4;43;10.9;25.0;0.0;0.0;24.4
2026-07-06;23:05;1018;24.2;43;10.7;25.0;0.0;0.0;24.2
2026-07-06;23:10;1018;24.0;43;10.6;25.0;0.0;0.0;24.0
2026-07-06;23:15;1018;24.0;43;10.6;25.0;0.0;0.0;24.0
2026-07-06;23:20;1017;24.0;43;10.6;25.0;0.0;0.0;24.0
2026-07-06;23:25;1017;23.9;43;10.5;25.0;0.0;0.0;23.9
2026-07-06;23:30;1017;23.9;42;10.1;25.0;0.0;0.0;23.9
2026-07-06;23:35;1018;24.0;42;10.2;25.0;0.0;0.0;24.0
2026-07-06;23:40;1018;24.1;41;9.9;25.0;0.0;0.0;24.1
2026-07-06;23:45;1018;24.2;41;10.0;25.0;0.0;0.0;24.2
2026-07-06;23:50;1018;24.2;40;9.7;25.0;0.3;0.3;24.2
2026-07-06;23:55;1018;24.1;40;9.6;25.0;1.0;1.0;24.1
2026-07-07;00:00;1018;24.1;41;9.9;25.0;0.0;0.0;24.1
2026-07-07;00:05;1018;24.0;41;9.9;25.0;0.0;0.0;24.0
2026-07-07;00:10;1018;23.9;41;9.8;25.0;0.3;0.3;23.9
2026-07-07;00:15;1018;23.8;41;9.7;25.0;0.7;0.7;23.8
2026-07-07;00:20;1018;23.7;41;9.6;25.0;1.4;1.4;23.7
2026-07-07;00:25;1018;23.6;41;9.5;25.0;3.2;3.2;23.6
2026-07-07;00:30;1018;23.6;41;9.5;25.0;0.0;0.0;23.6
2026-07-07;00:35;1018;23.5;42;9.8;25.0;0.7;0.7;23.5
2026-07-07;00:40;1018;23.4;41;9.3;25.0;0.3;0.3;23.4
2026-07-07;00:45;1018;23.4;42;9.7;25.0;0.7;0.7;23.4
2026-07-07;00:50;1018;23.3;42;9.6;25.0;1.4;1.4;23.3
2026-07-07;00:55;1018;23.3;42;9.6;25.0;0.0;0.0;23.3
2026-07-07;01:00;1018;23.2;42;9.5;25.0;1.4;1.4;23.2
2026-07-07;01:05;1018;23.2;42;9.5;25.0;0.0;0.0;23.2
2026-07-07;01:10;1018;23.1;42;9.4;25.0;2.5;2.5;23.1
2026-07-07;01:15;1018;23.0;42;9.3;25.0;3.6;3.9;23.0
2026-07-07;01:20;1018;23.0;43;9.7;25.0;0.0;0.0;23.0
2026-07-07;01:25;1018;22.9;43;9.6;25.0;2.1;2.1;22.9
2026-07-07;01:30;1018;22.8;43;9.5;25.0;2.8;2.8;22.8
2026-07-07;01:35;1018;22.7;43;9.4;25.0;4.6;5.7;22.7
2026-07-07;01:40;1018;22.7;43;9.4;25.0;1.0;1.0;22.7
2026-07-07;01:45;1018;22.6;43;9.3;25.0;0.0;0.0;22.6
2026-07-07;01:50;1018;22.6;43;9.3;25.0;0.0;0.0;22.6
2026-07-07;01:55;1018;22.6;44;9.6;25.0;0.0;0.0;22.6
2026-07-07;02:00;1018;22.5;44;9.5;25.0;2.5;2.5;22.5
2026-07-07;02:05;1018;22.4;44;9.5;25.0;0.3;0.3;22.4
2026-07-07;02:10;1018;22.4;44;9.5;25.0;0.0;0.0;22.4
2026-07-07;02:15;1018;22.3;44;9.4;25.0;0.0;0.0;22.3
2026-07-07;02:20;1018;22.2;45;9.6;25.0;1.0;1.0;22.2
2026-07-07;02:25;1018;22.1;45;9.5;24.4;1.8;1.8;22.1
2026-07-07;02:30;1018;22.0;45;9.4;24.4;0.0;0.0;22.0
2026-07-07;02:35;1018;22.0;45;9.4;24.4;2.5;2.5;22.0
2026-07-07;02:40;1018;22.0;45;9.4;24.4;1.8;1.8;22.0
2026-07-07;02:45;1018;22.0;45;9.4;24.4;1.0;1.0;22.0
2026-07-07;02:50;1018;22.0;45;9.4;24.4;1.8;1.8;22.0
2026-07-07;02:55;1018;21.9;45;9.3;24.4;1.4;1.4;21.9
2026-07-07;03:00;1017;21.8;45;9.2;24.4;0.3;0.3;21.8
2026-07-07;03:05;1017;21.8;45;9.2;24.4;0.0;0.0;21.8
2026-07-07;03:10;1017;21.7;46;9.5;24.4;1.0;1.0;21.7
2026-07-07;03:15;1017;21.7;46;9.5;24.4;1.8;1.8;21.7
2026-07-07;03:20;1017;21.6;46;9.4;25.0;0.0;0.0;21.6
2026-07-07;03:25;1017;21.5;46;9.3;24.4;0.3;0.3;21.5
2026-07-07;03:30;1017;21.5;46;9.3;24.4;1.4;1.4;21.5
2026-07-07;03:35;1017;21.5;46;9.3;24.4;0.3;0.3;21.5
2026-07-07;03:40;1017;21.5;46;9.3;24.4;1.4;1.4;21.5
2026-07-07;03:45;1018;21.5;46;9.3;24.4;1.8;1.8;21.5
2026-07-07;03:50;1018;21.4;46;9.2;25.0;0.3;0.3;21.4
2026-07-07;03:55;1018;21.4;46;9.2;25.0;0.0;0.0;21.4
2026-07-07;04:00;1018;21.3;46;9.1;25.0;0.0;0.0;21.3
2026-07-07;04:05;1018;21.2;47;9.3;25.0;0.0;0.0;21.2
2026-07-07;04:10;1018;21.0;47;9.2;25.0;0.0;0.0;21.0
2026-07-07;04:15;1017;20.9;48;9.4;;0.0;0.0;20.9
2026-07-07;04:20;1017;20.8;48;9.3;;0.0;0.0;20.8
2026-07-07;04:25;1017;20.7;48;9.2;;0.0;0.0;20.7
2026-07-07;04:30;1018;20.6;48;9.1;;0.0;0.0;20.6
2026-07-07;04:35;1018;20.5;49;9.3;;0.7;0.7;20.5
2026-07-07;04:40;1018;20.4;49;9.2;;0.0;0.0;20.4
2026-07-07;04:45;1018;20.4;49;9.2;;0.3;0.3;20.4
2026-07-07;04:50;1018;20.4;49;9.2;;0.0;0.0;20.4
2026-07-07;04:55;1018;20.4;49;9.2;;0.3;0.3;20.4
2026-07-07;05:00;1017;20.4;49;9.2;;0.0;0.0;20.4
2026-07-07;05:05;1017;20.5;48;9.0;;0.0;0.0;20.5
2026-07-07;05:10;1017;20.5;49;9.3;;0.3;0.3;20.5
2026-07-07;05:15;1017;20.4;48;8.9;;0.7;0.7;20.4
2026-07-07;05:20;1017;20.4;48;8.9;;0.7;0.7;20.4
2026-07-07;05:25;1017;20.4;49;9.2;;0.0;0.0;20.4
2026-07-07;05:30;1017;20.3;50;9.4;;0.0;0.0;20.3
2026-07-07;05:35;1017;20.1;50;9.3;;0.0;0.0;20.1
2026-07-07;05:40;1017;20.0;50;9.2;;1.4;1.4;20.0
2026-07-07;05:45;1018;19.9;49;8.8;;0.3;0.3;19.9
2026-07-07;05:50;1018;20.0;49;8.8;;1.8;1.8;20.0
2026-07-07;05:55;1018;20.1;48;8.6;;0.0;0.0;20.1
2026-07-07;06:00;1017;20.2;49;9.0;;0.3;0.3;20.2
2026-07-07;06:05;1017;20.2;49;9.0;;0.0;0.0;20.2
2026-07-07;06:10;1017;20.1;50;9.3;;0.0;0.0;20.1
2026-07-07;06:15;1018;20.0;49;8.8;;1.4;1.4;20.0
2026-07-07;06:20;1018;20.0;50;9.2;;0.0;0.0;20.0
2026-07-07;06:25;1018;20.0;50;9.2;;0.7;0.7;20.0
2026-07-07;06:30;1018;19.9;50;9.1;;2.1;2.1;19.9
2026-07-07;06:35;1018;19.9;50;9.1;;1.4;1.4;19.9
2026-07-07;06:40;1018;20.0;49;8.8;;0.0;0.0;20.0
2026-07-07;06:45;1018;20.1;49;8.9;;0.0;0.0;20.1
2026-07-07;06:50;1018;20.1;49;8.9;;1.4;1.4;20.1
2026-07-07;06:55;1018;20.2;49;9.0;;1.0;1.0;20.2
2026-07-07;07:00;1018;20.3;49;9.1;;0.7;0.7;20.3
2026-07-07;07:05;1018;20.3;50;9.4;;0.0;0.0;20.3
2026-07-07;07:10;1018;20.3;50;9.4;;0.0;0.0;20.3
2026-07-07;07:15;1018;20.2;50;9.3;;0.0;0.0;20.2
2026-07-07;07:20;1018;20.3;48;8.8;;2.1;2.1;20.3
2026-07-07;07:25;1018;20.5;47;8.7;;1.4;1.4;20.5
2026-07-07;07:30;1018;20.8;47;9.0;;0.0;0.0;20.8
2026-07-07;07:35;1018;21.1;46;8.9;25.0;0.7;0.7;21.1
2026-07-07;07:40;1018;21.3;47;9.4;25.0;1.8;1.8;21.3
2026-07-07;07:45;1018;21.4;47;9.5;24.4;0.0;0.0;21.4
2026-07-07;07:50;1018;21.4;47;9.5;24.4;0.3;0.3;21.4
2026-07-07;07:55;1018;21.4;47;9.5;24.4;0.0;0.0;21.4
2026-07-07;08:00;1018;21.5;47;9.6;24.4;0.0;0.0;21.5
2026-07-07;08:05;1018;21.6;47;9.7;24.4;0.0;0.0;21.6
2026-07-07;08:10;1018;21.8;46;9.6;24.4;0.0;0.0;21.8
2026-07-07;08:15;1018;22.0;45;9.4;24.4;0.3;0.3;22.0
2026-07-07;08:20;1018;22.2;45;9.6;25.0;0.0;0.0;22.2
2026-07-07;08:25;1018;22.5;48;10.9;25.0;0.0;0.0;22.5
2026-07-07;08:30;1018;22.6;49;11.2;25.0;0.0;0.0;22.6
2026-07-07;08:35;1018;22.7;49;11.3;25.0;0.0;0.0;22.7
2026-07-07;08:40;1018;22.8;50;11.8;25.0;0.0;0.0;22.8
2026-07-07;08:45;1018;23.0;50;11.9;25.0;0.0;0.0;23.0
2026-07-07;08:50;1018;23.1;50;12.0;25.0;0.0;0.0;23.1
2026-07-07;08:55;1018;23.1;56;13.8;24.4;1.4;1.4;23.1
2026-07-07;09:00;1018;23.0;57;13.9;24.4;2.8;3.9;23.0
2026-07-07;09:05;1018;22.8;59;14.3;24.4;1.0;1.0;22.8
2026-07-07;09:10;1018;22.7;59;14.2;24.4;2.1;2.1;22.7
2026-07-07;09:15;1018;22.6;60;14.4;24.4;5.7;6.4;22.6
2026-07-07;09:20;1019;22.6;61;14.6;24.4;1.4;1.4;22.6
2026-07-07;09:25;1019;22.6;62;14.9;24.4;7.9;9.0;22.6
2026-07-07;09:30;1019;22.5;61;14.5;24.4;4.3;5.0;22.5
2026-07-07;09:35;1018;22.5;61;14.5;24.4;2.5;2.5;22.5
2026-07-07;09:40;1018;22.5;60;14.3;24.4;3.6;3.9;22.5
2026-07-07;09:45;1018;22.6;60;14.4;24.4;0.0;0.0;22.6
2026-07-07;09:50;1018;22.7;59;14.2;24.4;1.8;1.8;22.7
2026-07-07;09:55;1018;22.7;59;14.2;24.4;2.1;2.1;22.7
2026-07-07;10:00;1018;22.8;59;14.3;24.4;2.1;2.1;22.8
2026-07-07;10:05;1018;22.9;59;14.4;24.4;2.1;2.1;22.9
2026-07-07;10:10;1018;23.0;58;14.2;24.4;5.4;6.1;23.0
2026-07-07;10:15;1018;22.9;60;14.6;24.4;1.4;1.4;22.9
2026-07-07;10:20;1018;23.0;56;13.7;24.4;1.4;1.4;23.0
2026-07-07;10:25;1018;23.0;57;13.9;24.4;2.8;3.6;23.0
2026-07-07;10:30;1018;23.2;56;13.8;24.4;5.7;6.8;23.2
2026-07-07;10:35;1018;23.3;55;13.7;25.0;7.2;7.2;23.3
2026-07-07;10:40;1018;23.3;56;13.9;25.0;5.0;6.1;23.3
2026-07-07;10:45;1018;23.4;56;14.0;25.0;1.8;1.8;23.4
2026-07-07;10:50;1018;23.5;57;14.4;25.0;7.2;7.2;23.5
2026-07-07;10:55;1018;23.5;53;13.3;25.0;6.1;7.2;23.5
2026-07-07;11:00;1018;23.6;54;13.7;25.0;0.0;0.0;23.6
2026-07-07;11:05;1018;23.8;52;13.3;25.0;0.7;0.7;23.8
2026-07-07;11:10;1018;24.1;53;13.8;25.0;2.8;3.6;24.1
2026-07-07;11:15;1018;24.3;53;14.0;25.0;6.4;7.2;24.3
2026-07-07;11:20;1018;24.3;52;13.7;25.0;6.1;7.2;24.3
2026-07-07;11:25;1018;24.4;49;12.9;25.5;3.9;4.3;24.4
2026-07-07;11:30;1018;24.5;48;12.7;25.5;7.5;7.5;24.5
2026-07-07;11:35;1018;24.7;46;12.2;25.5;1.4;1.4;24.7
2026-07-07;11:40;1018;24.9;48;13.1;25.5;3.2;3.9;24.9
2026-07-07;11:45;1018;25.2;45;12.4;25.5;1.4;1.4;25.2
2026-07-07;11:50;1018;25.4;45;12.5;25.5;0.7;0.7;25.4
2026-07-07;11:55;1018;25.9;44;12.6;26.1;1.4;1.4;25.9
2026-07-07;12:00;1018;26.4;44;13.1;26.1;7.2;7.2;26.4
2026-07-07;12:05;1018;26.8;44;13.5;26.6;7.2;7.2;26.8
2026-07-07;12:10;1018;26.8;45;13.8;26.6;7.5;7.5;26.8
2026-07-07;12:15;1018;26.5;45;13.5;26.6;7.5;7.5;26.5
2026-07-07;12:20;1018;26.1;46;13.5;26.1;1.4;1.4;26.1
2026-07-07;12:25;1018;25.9;43;12.3;26.1;7.5;7.5;25.9
2026-07-07;12:30;1018;25.8;45;12.9;26.1;2.8;3.6;25.8
2026-07-07;12:35;1018;25.9;44;12.6;26.1;7.2;7.2;25.9
2026-07-07;12:40;1018;26.1;46;13.5;26.1;0.7;0.7;26.1
2026-07-07;12:45;1018;26.3;46;13.7;26.1;5.7;6.4;26.3
2026-07-07;12:50;1017;26.6;48;14.6;26.6;2.8;2.8;26.6
2026-07-07;12:55;1017;26.8;49;15.1;26.6;8.2;8.2;26.8
2026-07-07;13:00;1017;26.6;52;15.9;26.6;7.2;7.2;26.6
2026-07-07;13:05;1017;26.4;51;15.4;26.6;2.8;2.8;26.4
2026-07-07;13:10;1017;26.4;50;15.1;26.6;6.1;7.2;26.4
2026-07-07;13:15;1017;26.5;48;14.5;26.6;7.2;7.2;26.5
2026-07-07;13:20;1017;26.5;48;14.5;26.6;0.0;0.0;26.5
2026-07-07;13:25;1017;26.6;44;13.3;26.6;2.1;2.1;26.6
2026-07-07;13:30;1017;26.8;43;13.1;26.6;0.0;0.0;26.8
2026-07-07;13:35;1017;27.2;43;13.5;26.6;6.1;7.2;27.2
2026-07-07;13:40;1017;27.3;47;14.9;27.2;9.3;9.7;27.3
2026-07-07;13:45;1017;27.4;42;13.3;27.2;5.7;7.2;27.4
2026-07-07;13:50;1017;27.5;40;12.6;27.2;3.2;4.3;27.5
2026-07-07;13:55;1017;27.8;41;13.3;27.2;2.5;2.5;27.8
2026-07-07;14:00;1017;28.0;37;11.9;27.2;1.0;1.0;28.0
2026-07-07;14:05;1017;28.3;37;12.2;27.2;7.9;7.9;28.3
2026-07-07;14:10;1017;28.5;34;11.1;27.2;7.2;7.2;28.5
2026-07-07;14:15;1017;28.9;33;11.0;27.7;1.8;1.8;28.9
2026-07-07;14:20;1017;29.4;33;11.4;28.3;7.2;7.2;29.4
2026-07-07;14:25;1017;29.8;32;11.3;28.3;7.2;7.2;29.8
2026-07-07;14:30;1017;29.9;32;11.4;28.3;4.3;5.7;29.9
2026-07-07;14:35;1017;30.0;31;11.0;28.3;1.4;1.4;30.0
2026-07-07;14:40;1017;30.0;30;10.5;28.3;0.7;0.7;30.0
2026-07-07;14:45;1017;30.1;28;9.6;28.3;2.5;2.5;30.1
2026-07-07;14:50;1017;30.3;30;10.8;28.8;1.4;1.4;30.3
2026-07-07;14:55;1017;30.3;32;11.8;28.8;7.9;7.9;30.3
2026-07-07;15:00;1016;30.3;35;13.1;29.4;3.9;5.0;30.3
2026-07-07;15:05;1016;30.1;34;12.5;28.8;7.5;7.5;30.1
2026-07-07;15:10;1016;29.7;38;13.8;28.8;8.6;9.0;29.7
2026-07-07;15:15;1016;29.4;39;14.0;28.8;7.5;7.5;29.4
2026-07-07;15:20;1016;29.0;33;11.1;27.7;8.2;8.2;29.0
2026-07-07;15:25;1016;28.9;30;9.6;27.7;2.8;3.9;28.9
2026-07-07;15:30;1016;29.0;28;8.6;27.2;0.0;0.0;29.0
2026-07-07;15:35;1016;29.2;27;8.3;27.7;4.6;5.4;29.2
2026-07-07;15:40;1016;29.5;25;7.4;27.7;0.3;0.3;29.5
2026-07-07;15:45;1016;29.7;25;7.6;27.7;7.2;7.2;29.7
2026-07-07;15:50;1016;29.9;24;7.2;27.7;1.4;1.4;29.9
2026-07-07;15:55;1016;30.0;23;6.6;28.3;0.0;0.0;30.0
2026-07-07;16:00;1016;30.3;22;6.2;28.3;0.7;0.7;30.3
2026-07-07;16:05;1016;30.7;21;5.8;28.3;0.3;0.3;30.6
2026-07-07;16:10;1016;31.0;24;8.1;28.8;1.8;1.8;31.0
2026-07-07;16:15;1016;31.1;25;8.8;28.8;2.1;2.1;31.1
2026-07-07;16:20;1016;31.1;22;6.9;28.8;6.4;7.5;31.1
2026-07-07;16:25;1016;30.8;22;6.6;28.8;4.3;5.0;30.8
2026-07-07;16:30;1016;30.5;22;6.4;28.3;3.6;4.3;30.5
2026-07-07;16:35;1016;30.4;19;4.2;28.3;2.1;2.1;30.4
2026-07-07;16:40;1016;30.5;18;3.5;28.3;3.9;4.3;30.5
2026-07-07;16:45;1016;30.6;17;2.8;28.3;7.9;7.9;30.6
2026-07-07;16:50;1016;30.5;19;4.3;28.3;2.8;3.9;30.5
2026-07-07;16:55;1016;30.5;17;2.7;28.3;0.0;0.0;30.5
2026-07-07;17:00;1016;30.5;20;5.0;28.3;0.0;0.0;30.5
2026-07-07;17:05;1016;30.9;20;5.4;28.8;1.8;1.8;30.9
2026-07-07;17:10;1016;31.1;20;5.5;28.8;7.2;7.2;31.1
2026-07-07;17:15;1016;31.5;20;5.9;29.4;0.0;0.0;31.5
2026-07-07;17:20;1016;32.0;19;5.6;29.4;0.0;0.0;32.0
2026-07-07;17:25;1016;32.5;19;6.0;30.0;1.4;1.4;32.5
2026-07-07;17:30;1015;32.6;21;7.5;30.5;0.0;0.0;32.6
2026-07-07;17:35;1015;32.2;21;7.9;30.0;0.0;0.0;32.3
2026-07-07;17:40;1015;32.1;21;7.1;30.0;0.0;0.0;32.1
2026-07-07;17:45;1015;32.3;22;7.9;30.0;0.0;0.0;32.3
2026-07-07;17:50;1016;32.1;21;7.1;30.0;0.0;0.0;32.1
2026-07-07;17:55;1016;31.8;22;7.5;29.4;0.0;0.0;31.8
2026-07-07;18:00;1016;32.2;20;6.4;30.0;0.0;0.0;32.2
2026-07-07;18:05;1015;33.2;20;7.2;30.5;0.0;0.0;33.1
2026-07-07;18:10;1015;33.9;20;7.9;31.6;0.0;0.0;33.9
2026-07-07;18:15;1015;33.8;21;8.5;31.6;0.0;0.0;33.8
2026-07-07;18:20;1015;33.2;21;8.0;31.1;0.0;0.0;33.2
2026-07-07;18:25;1015;33.2;20;7.3;31.1;0.0;0.0;33.2
2026-07-07;18:30;1015;33.7;19;7.0;31.1;0.0;0.0;33.7
2026-07-07;18:35;1015;34.2;19;7.3;31.6;0.0;0.0;34.1
2026-07-07;18:40;1015;34.6;19;7.7;32.2;0.0;0.0;34.6
2026-07-07;18:45;1015;34.5;20;8.4;32.2;0.0;0.0;34.5
2026-07-07;18:50;1015;34.1;21;8.8;31.6;0.3;0.3;34.1
2026-07-07;18:55;1015;33.9;20;7.9;31.6;0.0;0.0;33.9
2026-07-07;19:00;1015;34.1;20;8.0;31.6;0.0;0.0;34.1
2026-07-07;19:05;1015;34.4;20;8.3;32.2;0.0;0.0;34.4
2026-07-07;19:10;1015;34.8;19;7.9;32.2;0.0;0.0;34.8
2026-07-07;19:15;1015;35.6;18;7.7;33.3;0.0;0.0;35.5
2026-07-07;19:20;1015;35.7;20;9.4;33.3;0.0;0.0;35.7
2026-07-07;19:25;1015;35.2;20;9.0;32.7;0.0;0.0;35.2
2026-07-07;19:30;1015;34.9;19;8.0;32.7;0.0;0.0;34.9
2026-07-07;19:35;1015;35.2;18;8.1;32.7;0.0;0.0;35.1
2026-07-07;19:40;1015;35.6;19;8.5;33.3;0.0;0.0;35.6
2026-07-07;19:45;1015;35.6;18;7.8;33.3;0.0;0.0;35.7
2026-07-07;19:50;1015;35.5;19;8.5;33.3;0.0;0.0;35.5
2026-07-07;19:55;1015;35.0;24;11.6;33.3;0.0;0.0;35.1
2026-07-07;20:00;1015;34.4;25;11.6;32.7;0.0;0.0;34.4
2026-07-07;20:05;1015;33.6;27;12.2;32.2;0.0;0.0;33.7
2026-07-07;20:10;1015;33.0;27;11.6;31.1;0.0;0.0;33.0
2026-07-07;20:15;1015;32.6;26;10.6;30.5;0.0;0.0;32.6
2026-07-07;20:20;1015;32.3;27;10.9;30.5;0.0;0.0;32.3
2026-07-07;20:25;1015;32.1;26;10.2;30.0;0.0;0.0;32.1
2026-07-07;20:30;1015;31.7;27;10.4;30.0;0.0;0.0;31.7
2026-07-07;20:35;1015;31.3;27;10.1;29.4;0.0;0.0;31.3
2026-07-07;20:40;1015;31.0;28;10.4;29.4;0.0;0.0;31.0
2026-07-07;20:45;1015;30.7;28;10.1;28.8;0.0;0.0;30.7
2026-07-07;20:50;1015;30.5;27;9.4;28.8;0.0;0.0;30.5
2026-07-07;20:55;1015;30.6;27;9.5;28.8;0.0;0.0;30.6
2026-07-07;21:00;1015;31.0;27;9.8;29.4;0.0;0.0;31.0
2026-07-07;21:05;1015;31.1;28;10.4;29.4;0.0;0.0;31.1
2026-07-07;21:10;1015;30.8;29;10.7;28.8;0.0;0.0;30.8
2026-07-07;21:15;1015;30.1;30;10.7;28.8;0.0;0.0;30.2
2026-07-07;21:20;1015;29.3;31;10.4;27.7;0.0;0.0;29.3
2026-07-07;21:25;1015;28.7;31;9.9;27.2;0.0;0.0;28.7
2026-07-07;21:30;1015;28.3;31;9.5;27.2;0.0;0.0;28.3
2026-07-07;21:35;1015;28.0;31;9.3;26.6;0.0;0.0;28.0
2026-07-07;21:40;1015;27.8;32;9.6;26.6;0.0;0.0;27.8
2026-07-07;21:45;1015;27.5;31;8.8;26.6;0.0;0.0;27.5
2026-07-07;21:50;1015;27.3;32;9.1;26.6;0.0;0.0;27.3
2026-07-07;21:55;1015;27.1;31;8.9;26.1;0.0;0.0;27.1
2026-07-07;22:00;1015;27.0;31;8.4;26.1;0.0;0.0;27.0
2026-07-07;22:05;1015;26.9;31;8.3;26.1;0.0;0.0;26.9
2026-07-07;22:10;1015;26.8;31;8.2;26.1;0.0;0.0;26.8
2026-07-07;22:15;1015;26.7;31;8.1;26.1;0.0;0.0;26.7
2026-07-07;22:20;1015;26.7;31;8.1;26.1;0.0;0.0;26.7
2026-07-07;22:25;1015;26.6;32;8.5;26.1;0.0;0.0;26.6
2026-07-07;22:30;1015;26.4;32;8.3;26.1;0.0;0.0;26.4
2026-07-07;22:35;1015;26.3;32;8.2;25.5;0.0;0.0;26.3
2026-07-07;22:40;1015;26.2;31;7.7;25.5;0.3;0.3;26.2
2026-07-07;22:45;1015;26.2;32;8.1;25.5;0.0;0.0;26.2
2026-07-07;22:50;1015;26.2;32;8.1;25.5;0.7;0.7;26.2
2026-07-07;22:55;1015;26.1;32;8.1;25.5;1.8;1.8;26.1
2026-07-07;23:00;1015;26.0;32;8.0;25.5;0.0;0.0;26.0
2026-07-07;23:05;1015;26.0;31;7.5;25.5;0.0;0.0;26.0
2026-07-07;23:10;1015;26.0;31;7.5;25.5;1.8;1.8;26.0
2026-07-07;23:15;1015;26.1;31;7.6;25.5;1.4;1.4;26.1
2026-07-07;23:20;1015;26.1;31;7.6;25.5;0.0;0.0;26.1
2026-07-07;23:25;1015;26.0;31;7.5;25.5;0.0;0.0;26.0
2026-07-07;23:30;1015;26.0;31;7.5;25.5;0.0;0.0;26.0
2026-07-07;23:35;1015;25.9;31;7.4;25.5;0.0;0.0;25.9
2026-07-07;23:40;1015;25.9;31;7.4;25.5;0.0;0.0;25.9
2026-07-07;23:45;1015;25.8;31;7.3;25.5;0.0;0.0;25.8
2026-07-07;23:50;1015;25.7;31;7.2;25.5;0.0;0.0;25.7
2026-07-07;23:55;1015;25.7;31;7.2;25.5;0.0;0.0;25.7
2026-07-07;23:55;1015;25.7;31;7.2;25.5;0.0;0.0;25.7
2026-07-07;23:55;1015;25.7;31;7.2;25.5;0.0;0.0;25.7
2026-07-07;23:55;1015;25.7;31;7.2;25.5;0.0;0.0;25.7
2026-07-07;23:55;1015;25.7;31;7.2;25.5;0.0;0.0;25.7
2026-07-07;23:55;1015;25.7;31;7.2;25.5;0.0;0.0;25.7
2026-07-07;23:55;1015;25.7;31;7.2;25.5;0.0;0.0;25.7
2026-07-07;23:55;1015;25.7;31;7.2;25.5;0.0;0.0;25.7
2026-07-07;23:55;1015;25.7;31;7.2;25.5;0.0;0.0;25.7
2026-07-07;23:55;1015;25.7;31;7.2;25.5;0.0;0.0;25.7
2026-07-07;23:55;1015;25.7;31;7.2;25.5;0.0;0.0;25.7
2026-07-07;23:55;1015;25.7;31;7.2;25.5;0.0;0.0;25.7
2026-07-07;23:55;1015;25.7;31;7.2;25.5;0.0;0.0;25.7
2026-07-07;23:55;1015;25.7;31;7.2;25.5;0.0;0.0;25.7
2026-07-07;23:55;1015;25.7;31;7.2;25.5;0.0;0.0;25.7
2026-07-07;23:55;1015;25.7;31;7.2;25.5;0.0;0.0;25.7
2026-07-07;23:55;1015;25.7;31;7.2;25.5;0.0;0.0;25.7
2026-07-07;23:55;1015;25.7;31;7.2;25.5;0.0;0.0;25.7
2026-07-07;23:55;1015;25.7;31;7.2;25.5;0.0;0.0;25.7
2026-07-07;23:55;1015;25.7;31;7.2;25.5;0.0;0.0;25.7
2026-07-07;23:55;1015;25.7;31;7.2;25.5;0.0;0.0;25.7
2026-07-07;23:55;1015;25.7;31;7.2;25.5;0.0;0.0;25.7
2026-07-07;23:55;1015;25.7;31;7.2;25.5;0.0;0.0;25.7
2026-07-07;23:55;1015;25.7;31;7.2;25.5;0.0;0.0;25.7
2026-07-07;23:55;1015;25.7;31;7.2;25.5;0.0;0.0;25.7
2026-07-07;23:55;1015;25.7;31;7.2;25.5;0.0;0.0;25.7
2026-07-07;23:55;1015;25.7;31;7.2;25.5;0.0;0.0;25.7
2026-07-07;23:55;1015;25.7;31;7.2;25.5;0.0;0.0;25.7
2026-07-07;23:55;1015;25.7;31;7.2;25.5;0.0;0.0;25.7
